observation_date,T5YIFR
2024-06-03,2.35
2024-06-04,2.34
2024-06-05,2.33
2024-06-06,2.31
2024-06-07,2.32
2024-06-10,2.35
2024-06-11,2.29
2024-06-12,2.27
2024-06-13,2.28
2024-06-14,2.23
2024-06-17,2.28
2024-06-18,2.25
2024-06-19,
2024-06-20,2.29
2024-06-21,2.27
2024-06-24,2.26
2024-06-25,2.27
2024-06-26,2.32
2024-06-27,2.30
2024-06-28,2.32
2024-07-01,2.35
2024-07-02,2.34
2024-07-03,2.31
2024-07-04,
2024-07-05,2.34
2024-07-08,2.32
2024-07-09,2.31
2024-07-10,2.32
2024-07-11,2.32
2024-07-12,2.33
2024-07-15,2.34
2024-07-16,2.32
2024-07-17,2.33
2024-07-18,2.43
2024-07-19,2.46
2024-07-22,2.42
2024-07-23,2.41
2024-07-24,2.43
2024-07-25,2.43
2024-07-26,2.41
2024-07-29,2.37
2024-07-30,2.38
2024-07-31,2.35
2024-08-01,2.34
2024-08-02,2.19
2024-08-05,2.23
2024-08-06,2.28
2024-08-07,2.25
2024-08-08,2.26
2024-08-09,2.24
2024-08-12,2.24
2024-08-13,2.22
2024-08-14,2.19
2024-08-15,2.25
2024-08-16,2.19
2024-08-19,2.20
2024-08-20,2.19
2024-08-21,2.20
2024-08-22,2.24
2024-08-23,2.25
2024-08-26,2.28
2024-08-27,2.28
2024-08-28,2.31
2024-08-29,2.31
2024-08-30,2.29
2024-09-02,
2024-09-03,2.27
2024-09-04,2.24
2024-09-05,2.19
2024-09-06,2.20
2024-09-09,2.20
2024-09-10,2.18
2024-09-11,2.18
2024-09-12,2.17
2024-09-13,2.21
2024-09-16,2.24
2024-09-17,2.27
2024-09-18,2.26
2024-09-19,2.30
2024-09-20,2.28
2024-09-23,2.30
2024-09-24,2.32
2024-09-25,2.30
2024-09-26,2.29
2024-09-27,2.27
2024-09-30,2.29
2024-10-01,2.31
2024-10-02,2.32
2024-10-03,2.31
2024-10-04,2.32
2024-10-07,2.37
2024-10-08,2.37
2024-10-09,2.37
2024-10-10,2.40
2024-10-11,2.41
2024-10-14,
2024-10-15,2.34
2024-10-16,2.35
2024-10-17,2.38
2024-10-18,2.39
2024-10-21,2.39
2024-10-22,2.41
2024-10-23,2.39
2024-10-24,2.27
2024-10-25,2.26
2024-10-28,2.27
2024-10-29,2.27
2024-10-30,2.31
2024-10-31,2.28
2024-11-01,2.29
2024-11-04,2.24
2024-11-05,2.22
2024-11-06,2.30
2024-11-07,2.26
2024-11-08,2.27
2024-11-11,
2024-11-12,2.27
2024-11-13,2.28
2024-11-14,2.26
2024-11-15,2.27
2024-11-18,2.27
2024-11-19,2.27
2024-11-20,2.27
2024-11-21,2.26
2024-11-22,2.25
2024-11-25,2.23
2024-11-26,2.23
2024-11-27,2.20
2024-11-28,
2024-11-29,2.19
2024-12-02,2.19
2024-12-03,2.20
2024-12-04,2.21
2024-12-05,2.15
2024-12-06,2.17
2024-12-09,2.21
2024-12-10,2.24
2024-12-11,2.22
2024-12-12,2.25
2024-12-13,2.26
2024-12-16,2.26
2024-12-17,2.26
2024-12-18,2.26
2024-12-19,2.23
2024-12-20,2.24
2024-12-23,2.26
2024-12-24,2.31
2024-12-25,
2024-12-26,2.31
2024-12-27,2.30
2024-12-30,2.27
2024-12-31,2.30
2025-01-01,
2025-01-02,2.27
2025-01-03,2.28
2025-01-06,2.28
2025-01-07,2.32
2025-01-08,2.33
2025-01-09,2.32
2025-01-10,2.35
2025-01-13,2.35
2025-01-14,2.33
2025-01-15,2.32
2025-01-16,2.33
2025-01-17,2.30
2025-01-20,
2025-01-21,2.29
2025-01-22,2.32
2025-01-23,2.32
2025-01-24,2.34
2025-01-27,2.31
2025-01-28,2.32
2025-01-29,2.28
2025-01-30,2.26
2025-01-31,2.30
2025-02-03,2.29
2025-02-04,2.29
2025-02-05,2.27
2025-02-06,2.27
2025-02-07,2.25
2025-02-10,2.28
2025-02-11,2.28
2025-02-12,2.26
2025-02-13,2.24
2025-02-14,2.24
2025-02-17,
2025-02-18,2.25
2025-02-19,2.24
2025-02-20,2.24
2025-02-21,2.23
2025-02-24,2.23
2025-02-25,2.19
2025-02-26,2.18
2025-02-27,2.17
2025-02-28,2.18
2025-03-03,2.13
2025-03-04,2.11
2025-03-05,2.12
2025-03-06,2.15
2025-03-07,2.14
2025-03-10,2.13
2025-03-11,2.12
2025-03-12,2.13
2025-03-13,2.10
2025-03-14,2.12
2025-03-17,2.10
2025-03-18,2.14
2025-03-19,2.12
2025-03-20,2.11
2025-03-21,2.15
2025-03-24,2.18
2025-03-25,2.14
2025-03-26,2.18
2025-03-27,2.18
2025-03-28,2.16
2025-03-31,2.15
2025-04-01,2.12
2025-04-02,2.13
2025-04-03,2.06
2025-04-04,2.02
2025-04-07,2.07
2025-04-08,2.09
2025-04-09,2.09
2025-04-10,2.06
2025-04-11,2.07
2025-04-14,2.11
2025-04-15,2.07
2025-04-16,2.05
2025-04-17,2.20
2025-04-18,
2025-04-21,2.19
2025-04-22,2.24
2025-04-23,2.25
2025-04-24,2.25
2025-04-25,2.22
2025-04-28,2.18
2025-04-29,2.17
2025-04-30,2.17
2025-05-01,2.20
2025-05-02,2.23
2025-05-05,2.23
2025-05-06,2.18
2025-05-07,2.17
2025-05-08,2.19
2025-05-09,2.19
2025-05-12,2.23
2025-05-13,2.26
2025-05-14,2.30
2025-05-15,2.27
2025-05-16,2.26
2025-05-19,2.29
2025-05-20,2.28
2025-05-21,2.27
2025-05-22,2.26
2025-05-23,2.26
2025-05-26,
2025-05-27,2.23
2025-05-28,2.25
2025-05-29,2.26
2025-05-30,2.29
2025-06-02,2.28
2025-06-03,2.26
2025-06-04,2.30
2025-06-05,2.27
2025-06-06,2.27
2025-06-09,2.28
2025-06-10,2.26
2025-06-11,2.24
2025-06-12,2.22
2025-06-13,2.25
2025-06-16,2.28
2025-06-17,2.27
2025-06-18,2.26
2025-06-19,
2025-06-20,2.29
2025-06-23,2.27
2025-06-24,2.28
2025-06-25,2.28
2025-06-26,2.27
2025-06-27,2.27
2025-06-30,2.27
2025-07-01,2.26
2025-07-02,2.26
2025-07-03,2.29
2025-07-04,
2025-07-07,2.30
2025-07-08,2.31
2025-07-09,2.28
2025-07-10,2.29
2025-07-11,2.30
2025-07-14,2.33
2025-07-15,2.34
2025-07-16,2.33
2025-07-17,2.33
2025-07-18,2.32
2025-07-21,2.31
2025-07-22,2.31
2025-07-23,2.30
2025-07-24,2.40
2025-07-25,2.41
2025-07-28,2.41
2025-07-29,2.38
2025-07-30,2.36
2025-07-31,2.32
2025-08-01,2.28
2025-08-04,2.33
2025-08-05,2.31
2025-08-06,2.28
2025-08-07,2.29
2025-08-08,2.32
2025-08-11,2.34
2025-08-12,2.33
2025-08-13,2.32
2025-08-14,2.35
2025-08-15,2.34
2025-08-18,2.34
2025-08-19,2.31
2025-08-20,2.30
2025-08-21,2.34
2025-08-22,2.34
2025-08-25,2.33
2025-08-26,2.34
2025-08-27,2.36
2025-08-28,2.33
2025-08-29,2.35
2025-09-01,
2025-09-02,2.34
2025-09-03,2.34
2025-09-04,2.32
2025-09-05,2.32
2025-09-08,2.29
2025-09-09,2.29
2025-09-10,2.29
2025-09-11,2.27
2025-09-12,2.30
2025-09-15,2.33
2025-09-16,2.32
2025-09-17,2.33
2025-09-18,2.32
2025-09-19,2.35
2025-09-22,2.32
2025-09-23,2.32
2025-09-24,2.34
2025-09-25,2.34
2025-09-26,2.34
2025-09-29,2.29
2025-09-30,2.30
2025-10-01,2.31
2025-10-02,2.31
2025-10-03,2.28
2025-10-06,2.30
2025-10-07,2.31
2025-10-08,2.31
2025-10-09,2.29
2025-10-10,2.25
2025-10-13,
2025-10-14,2.27
2025-10-15,2.25
2025-10-16,2.27
2025-10-17,2.25
2025-10-20,2.24
2025-10-21,2.26
2025-10-22,2.26
2025-10-23,2.18
2025-10-24,2.18
2025-10-27,2.19
2025-10-28,2.20
2025-10-29,2.23
2025-10-30,2.20
2025-10-31,2.20
2025-11-03,2.21
2025-11-04,2.20
2025-11-05,2.21
2025-11-06,2.19
2025-11-07,2.20
2025-11-10,2.20
2025-11-11,
2025-11-12,2.17
2025-11-13,2.19
2025-11-14,2.18
2025-11-17,2.19
2025-11-18,2.18
2025-11-19,2.18
2025-11-20,2.14
2025-11-21,2.16
2025-11-24,2.16
2025-11-25,2.17
2025-11-26,2.17
2025-11-27,
2025-11-28,2.17
2025-12-01,2.17
2025-12-02,2.18
2025-12-03,2.19
2025-12-04,2.19
2025-12-05,2.18
2025-12-08,2.20
2025-12-09,2.20
2025-12-10,2.18
2025-12-11,2.18
2025-12-12,2.20
2025-12-15,2.21
2025-12-16,2.21
2025-12-17,2.22
2025-12-18,2.22
2025-12-19,2.21
2025-12-22,2.21
2025-12-23,2.24
2025-12-24,2.24
2025-12-25,
2025-12-26,2.24
2025-12-29,2.21
2025-12-30,2.23
2025-12-31,2.24
2026-01-01,
2026-01-02,2.22
2026-01-05,2.23
2026-01-06,2.24
2026-01-07,2.24
2026-01-08,2.23
2026-01-09,2.24
2026-01-12,2.22
2026-01-13,2.23
2026-01-14,2.22
2026-01-15,2.22
2026-01-16,2.27
2026-01-19,
2026-01-20,2.26
2026-01-21,2.26
2026-01-22,2.20
2026-01-23,2.18
2026-01-26,2.19
2026-01-27,2.21
2026-01-28,2.22
2026-01-29,2.18
2026-01-30,2.19
2026-02-02,2.18
2026-02-03,2.19
2026-02-04,2.19
2026-02-05,2.16
2026-02-06,2.18
2026-02-09,2.20
2026-02-10,2.17
2026-02-11,2.15
2026-02-12,2.13
2026-02-13,2.12
2026-02-16,
2026-02-17,2.13
2026-02-18,2.15
2026-02-19,2.15
2026-02-20,2.13
2026-02-23,2.12
2026-02-24,2.12
2026-02-25,2.14
2026-02-26,2.13
2026-02-27,2.10
2026-03-02,2.12
2026-03-03,2.12
2026-03-04,2.12
2026-03-05,2.11
2026-03-06,2.14
2026-03-09,2.12
2026-03-10,2.13
2026-03-11,2.14
2026-03-12,2.13
2026-03-13,2.11
2026-03-16,2.14
2026-03-17,2.12
2026-03-18,2.14
2026-03-19,2.13
2026-03-20,2.13
2026-03-23,2.13
2026-03-24,2.11
2026-03-25,2.11
2026-03-26,2.12
2026-03-27,2.06
2026-03-30,2.05
2026-03-31,2.06
2026-04-01,2.07
2026-04-02,2.11
2026-04-03,2.11
2026-04-06,2.12
2026-04-07,2.13
2026-04-08,2.10
2026-04-09,2.12
2026-04-10,2.14
2026-04-13,2.15
2026-04-14,2.15
2026-04-15,2.17
2026-04-16,2.18
2026-04-17,2.16
2026-04-20,2.13
2026-04-21,2.16
2026-04-22,2.15
2026-04-23,2.26
2026-04-24,2.23
2026-04-27,2.26
2026-04-28,2.25
2026-04-29,2.25
2026-04-30,2.25
2026-05-01,2.27
2026-05-04,2.28
2026-05-05,2.27
2026-05-06,2.26
2026-05-07,2.29
2026-05-08,2.28
2026-05-11,2.27
2026-05-12,2.25
2026-05-13,2.24
2026-05-14,2.27
2026-05-15,2.28
2026-05-18,2.27
2026-05-19,2.32
2026-05-20,2.29
2026-05-21,2.21
2026-05-22,2.26
2026-05-25,
2026-05-26,2.27
2026-05-27,2.25
2026-05-28,2.24
2026-05-29,2.24
2026-06-01,2.26
2026-06-02,2.26
2026-06-03,2.23
2026-06-04,2.24
2026-06-05,2.24
2026-06-08,2.23
2026-06-09,2.22
2026-06-10,2.24
2026-06-11,2.18
2026-06-12,2.23
2026-06-15,2.24
2026-06-16,2.22
2026-06-17,2.21
2026-06-18,2.23
2026-06-19,
2026-06-22,2.18
2026-06-23,2.18
2026-06-24,2.17
2026-06-25,2.19
2026-06-26,2.19
2026-06-29,2.20
2026-06-30,2.22
2026-07-01,2.20
2026-07-02,2.22
2026-07-03,
2026-07-06,2.21
2026-07-07,2.22
2026-07-08,2.19
2026-07-09,2.18
2026-07-10,2.20
2026-07-13,2.21
2026-07-14,2.22
2026-07-15,2.21
2026-07-16,2.20
2026-07-17,2.21
2026-07-20,2.22
2026-07-21,2.24
2026-07-22,2.26
2026-07-23,2.27
2026-07-24,2.28
2026-07-27,2.24
2026-07-28,2.24
2026-07-29,2.28
2026-07-30,2.30
2026-07-31,2.30
2026-08-03,2.31
2026-08-04,2.27
2026-08-05,2.26
2026-08-06,2.29
2026-08-07,2.28
2026-08-10,2.33
2026-08-11,2.31
2026-08-12,2.28
2026-08-13,2.27
2026-08-14,2.30
2026-08-17,2.31
2026-08-18,2.33
2026-08-19,2.32
2026-08-20,2.34
2026-08-21,2.34
2026-08-24,2.32
2026-08-25,2.33
2026-08-26,2.33
2026-08-27,2.35
2026-08-28,2.32
2026-08-31,2.31
2026-09-01,2.33
2026-09-02,2.33
2026-09-03,2.33
2026-09-04,2.33
2026-09-07,
2026-09-08,2.34
2026-09-09,2.33
2026-09-10,2.34
2026-09-11,2.32
